[{"model": "admin.logentry", "pk": 1, "fields": {"action_time": "2022-10-07T15:00:45.576Z", "user": 1, "content_type": 7, "object_id": "1", "object_repr": "Post object (1)", "action_flag": 1, "change_message": "[{\"added\": {}}]"}}, {"model": "admin.logentry", "pk": 2, "fields": {"action_time": "2022-11-03T07:44:13.557Z", "user": 2, "content_type": 9, "object_id": "1", "object_repr": "MainCategory object (1)", "action_flag": 1, "change_message": "[{\"added\": {}}]"}}, {"model": "admin.logentry", "pk": 3, "fields": {"action_time": "2022-11-03T07:44:24.869Z", "user": 2, "content_type": 9, "object_id": "2", "object_repr": "MainCategory object (2)", "action_flag": 1, "change_message": "[{\"added\": {}}]"}}, {"model": "admin.logentry", "pk": 4, "fields": {"action_time": "2022-11-03T07:47:47.253Z", "user": 2, "content_type": 9, "object_id": "3", "object_repr": "사랑/친구", "action_flag": 1, "change_message": "[{\"added\": {}}]"}}, {"model": "admin.logentry", "pk": 5, "fields": {"action_time": "2022-11-03T07:48:13.723Z", "user": 2, "content_type": 10, "object_id": "1", "object_repr": "푸릇푸릇한 넓은 초원", "action_flag": 1, "change_message": "[{\"added\": {}}]"}}, {"model": "admin.logentry", "pk": 6, "fields": {"action_time": "2022-11-03T07:50:26.488Z", "user": 2, "content_type": 10, "object_id": "2", "object_repr": "꽃이 만발한 곳", "action_flag": 1, "change_message": "[{\"added\": {}}]"}}, {"model": "admin.logentry", "pk": 7, "fields": {"action_time": "2022-11-03T07:50:39.987Z", "user": 2, "content_type": 10, "object_id": "3", "object_repr": "나무와 새들이 많은 숲", "action_flag": 1, "change_message": "[{\"added\": {}}]"}}, {"model": "admin.logentry", "pk": 8, "fields": {"action_time": "2022-11-03T07:50:55.950Z", "user": 2, "content_type": 10, "object_id": "4", "object_repr": "바다나 물이 있는 곳", "action_flag": 1, "change_message": "[{\"added\": {}}]"}}, {"model": "admin.logentry", "pk": 9, "fields": {"action_time": "2022-11-03T07:51:14.154Z", "user": 2, "content_type": 10, "object_id": "5", "object_repr": "달이 비추는 도시 야경", "action_flag": 1, "change_message": "[{\"added\": {}}]"}}, {"model": "admin.logentry", "pk": 10, "fields": {"action_time": "2022-11-03T07:51:32.172Z", "user": 2, "content_type": 10, "object_id": "6", "object_repr": "자녀와 함께 나온 가족", "action_flag": 1, "change_message": "[{\"added\": {}}]"}}, {"model": "admin.logentry", "pk": 11, "fields": {"action_time": "2022-11-03T07:51:34.256Z", "user": 2, "content_type": 10, "object_id": "6", "object_repr": "자녀와 함께 나온 가족", "action_flag": 2, "change_message": "[]"}}, {"model": "admin.logentry", "pk": 12, "fields": {"action_time": "2022-11-03T07:51:44.821Z", "user": 2, "content_type": 10, "object_id": "7", "object_repr": "연인", "action_flag": 1, "change_message": "[{\"added\": {}}]"}}, {"model": "admin.logentry", "pk": 13, "fields": {"action_time": "2022-11-03T07:51:59.002Z", "user": 2, "content_type": 10, "object_id": "8", "object_repr": "친구들", "action_flag": 1, "change_message": "[{\"added\": {}}]"}}, {"model": "admin.logentry", "pk": 14, "fields": {"action_time": "2022-11-03T07:52:12.484Z", "user": 2, "content_type": 10, "object_id": "9", "object_repr": "다재다능", "action_flag": 1, "change_message": "[{\"added\": {}}]"}}, {"model": "admin.logentry", "pk": 15, "fields": {"action_time": "2022-11-03T07:52:20.122Z", "user": 2, "content_type": 10, "object_id": "10", "object_repr": "영리", "action_flag": 1, "change_message": "[{\"added\": {}}]"}}, {"model": "admin.logentry", "pk": 16, "fields": {"action_time": "2022-11-03T07:52:29.309Z", "user": 2, "content_type": 10, "object_id": "11", "object_repr": "현명", "action_flag": 1, "change_message": "[{\"added\": {}}]"}}, {"model": "admin.logentry", "pk": 17, "fields": {"action_time": "2022-11-03T07:52:36.852Z", "user": 2, "content_type": 10, "object_id": "12", "object_repr": "지식", "action_flag": 1, "change_message": "[{\"added\": {}}]"}}, {"model": "admin.logentry", "pk": 18, "fields": {"action_time": "2022-11-03T08:10:00.604Z", "user": 2, "content_type": 8, "object_id": "1", "object_repr": "Brody, Broderick, Sonny, Conor, Nasir", "action_flag": 1, "change_message": "[{\"added\": {}}]"}}, {"model": "admin.logentry", "pk": 19, "fields": {"action_time": "2022-11-03T08:10:18.219Z", "user": 2, "content_type": 8, "object_id": "1", "object_repr": "Brody, Broderick, Sonny, Conor, Nasir", "action_flag": 2, "change_message": "[]"}}, {"model": "admin.logentry", "pk": 20, "fields": {"action_time": "2022-11-03T08:11:33.300Z", "user": 2, "content_type": 8, "object_id": "2", "object_repr": "Maia, Maya, Zaria, Maia, Maya", "action_flag": 1, "change_message": "[{\"added\": {}}]"}}, {"model": "admin.logentry", "pk": 21, "fields": {"action_time": "2022-11-03T08:13:16.065Z", "user": 2, "content_type": 8, "object_id": "3", "object_repr": "Darrell, Davian, David, Ahmed, Zane", "action_flag": 1, "change_message": "[{\"added\": {}}]"}}, {"model": "admin.logentry", "pk": 22, "fields": {"action_time": "2022-11-03T08:14:00.353Z", "user": 2, "content_type": 8, "object_id": "4", "object_repr": "Zane, Amy, Carissa, Amanda, Darlene, Carina, Dulce, Karina, Mandy, Nayeli", "action_flag": 1, "change_message": "[{\"added\": {}}]"}}, {"model": "admin.logentry", "pk": 23, "fields": {"action_time": "2022-11-03T08:15:41.086Z", "user": 2, "content_type": 8, "object_id": "5", "object_repr": "Khalil, Darwin, Kadin, Marvin", "action_flag": 1, "change_message": "[{\"added\": {}}]"}}, {"model": "admin.logentry", "pk": 24, "fields": {"action_time": "2022-11-03T08:16:22.217Z", "user": 2, "content_type": 8, "object_id": "6", "object_repr": "Aimee, Cara, Ruth", "action_flag": 1, "change_message": "[{\"added\": {}}]"}}, {"model": "admin.logentry", "pk": 25, "fields": {"action_time": "2022-11-03T08:30:22.366Z", "user": 2, "content_type": 8, "object_id": "7", "object_repr": "Brad, Bradley, Francisco, Harley, George", "action_flag": 1, "change_message": "[{\"added\": {}}]"}}, {"model": "admin.logentry", "pk": 26, "fields": {"action_time": "2022-11-03T08:31:24.928Z", "user": 2, "content_type": 8, "object_id": "8", "object_repr": "Ainsley, Brynn, Harley, Ingrid, Lea", "action_flag": 1, "change_message": "[{\"added\": {}}]"}}, {"model": "admin.logentry", "pk": 27, "fields": {"action_time": "2022-11-03T08:31:57.709Z", "user": 2, "content_type": 8, "object_id": "9", "object_repr": "Fabian, Haden, Hayden", "action_flag": 1, "change_message": "[{\"added\": {}}]"}}, {"model": "admin.logentry", "pk": 28, "fields": {"action_time": "2022-11-03T08:32:26.646Z", "user": 2, "content_type": 8, "object_id": "10", "object_repr": "Aiyana, Daisy, Evelyn, Gina, Hana, Holly, Heather, Hayden, Ivy, Jazmine", "action_flag": 1, "change_message": "[{\"added\": {}}]"}}, {"model": "admin.logentry", "pk": 29, "fields": {"action_time": "2022-11-03T08:33:28.179Z", "user": 2, "content_type": 8, "object_id": "11", "object_repr": "Ashton, Bruce, Forrest, Jay, Keaton", "action_flag": 1, "change_message": "[{\"added\": {}}]"}}, {"model": "admin.logentry", "pk": 30, "fields": {"action_time": "2022-11-03T08:34:11.011Z", "user": 2, "content_type": 8, "object_id": "12", "object_repr": "Alondra, Ashley, Ava, Ayla, Dalia", "action_flag": 1, "change_message": "[{\"added\": {}}]"}}, {"model": "admin.logentry", "pk": 31, "fields": {"action_time": "2022-11-03T08:35:18.444Z", "user": 2, "content_type": 8, "object_id": "13", "object_repr": "Blaine, Braeden, Brooks, Camden, Dalton, Dallin, Dale, Douglas, Glen, Kai, Kelvin, Morgan", "action_flag": 1, "change_message": "[{\"added\": {}}]"}}, {"model": "admin.logentry", "pk": 32, "fields": {"action_time": "2022-11-03T08:35:51.574Z", "user": 2, "content_type": 8, "object_id": "14", "object_repr": "Brooke, Brooklyn, Chanel, Chelsey, Gracelyn, Jennifer, Kelsey, Kendall, Maria, Morgan", "action_flag": 1, "change_message": "[{\"added\": {}}]"}}, {"model": "admin.logentry", "pk": 33, "fields": {"action_time": "2022-11-03T08:36:29.962Z", "user": 2, "content_type": 8, "object_id": "15", "object_repr": "Clinton, Clifton, Kian, Milton, Shannon", "action_flag": 1, "change_message": "[{\"added\": {}}]"}}, {"model": "admin.logentry", "pk": 34, "fields": {"action_time": "2022-11-03T08:37:03.445Z", "user": 2, "content_type": 8, "object_id": "16", "object_repr": "Luna, Celina, Celine, Cynthia, Delilah, Selena, Shannon, Stella", "action_flag": 1, "change_message": "[{\"added\": {}}]"}}, {"model": "admin.logentry", "pk": 35, "fields": {"action_time": "2022-11-03T08:37:47.579Z", "user": 2, "content_type": 8, "object_id": "17", "object_repr": "August,Austen,Augustus", "action_flag": 1, "change_message": "[{\"added\": {}}]"}}, {"model": "admin.logentry", "pk": 36, "fields": {"action_time": "2022-11-03T08:38:17.194Z", "user": 2, "content_type": 8, "object_id": "18", "object_repr": "Clarissa,Emma,Robin", "action_flag": 1, "change_message": "[{\"added\": {}}]"}}, {"model": "admin.logentry", "pk": 37, "fields": {"action_time": "2022-11-03T08:38:46.412Z", "user": 2, "content_type": 8, "object_id": "19", "object_repr": "Todd", "action_flag": 1, "change_message": "[{\"added\": {}}]"}}, {"model": "admin.logentry", "pk": 38, "fields": {"action_time": "2022-11-03T08:39:25.523Z", "user": 2, "content_type": 8, "object_id": "20", "object_repr": "Cassidy", "action_flag": 1, "change_message": "[{\"added\": {}}]"}}, {"model": "admin.logentry", "pk": 39, "fields": {"action_time": "2022-11-03T08:39:50.793Z", "user": 2, "content_type": 8, "object_id": "21", "object_repr": "Conner,Dallas,Elvis", "action_flag": 1, "change_message": "[{\"added\": {}}]"}}, {"model": "admin.logentry", "pk": 40, "fields": {"action_time": "2022-11-03T08:40:20.410Z", "user": 2, "content_type": 8, "object_id": "22", "object_repr": "Jada, Sophia, Kayla", "action_flag": 1, "change_message": "[{\"added\": {}}]"}}, {"model": "admin.logentry", "pk": 41, "fields": {"action_time": "2022-11-03T08:40:47.473Z", "user": 2, "content_type": 8, "object_id": "23", "object_repr": "Skylar", "action_flag": 1, "change_message": "[{\"added\": {}}]"}}, {"model": "admin.logentry", "pk": 42, "fields": {"action_time": "2022-11-03T08:41:02.092Z", "user": 2, "content_type": 8, "object_id": "24", "object_repr": "Skylar", "action_flag": 1, "change_message": "[{\"added\": {}}]"}}, {"model": "auth.permission", "pk": 1, "fields": {"name": "Can add log entry", "content_type": 1, "codename": "add_logentry"}}, {"model": "auth.permission", "pk": 2, "fields": {"name": "Can change log entry", "content_type": 1, "codename": "change_logentry"}}, {"model": "auth.permission", "pk": 3, "fields": {"name": "Can delete log entry", "content_type": 1, "codename": "delete_logentry"}}, {"model": "auth.permission", "pk": 4, "fields": {"name": "Can view log entry", "content_type": 1, "codename": "view_logentry"}}, {"model": "auth.permission", "pk": 5, "fields": {"name": "Can add permission", "content_type": 2, "codename": "add_permission"}}, {"model": "auth.permission", "pk": 6, "fields": {"name": "Can change permission", "content_type": 2, "codename": "change_permission"}}, {"model": "auth.permission", "pk": 7, "fields": {"name": "Can delete permission", "content_type": 2, "codename": "delete_permission"}}, {"model": "auth.permission", "pk": 8, "fields": {"name": "Can view permission", "content_type": 2, "codename": "view_permission"}}, {"model": "auth.permission", "pk": 9, "fields": {"name": "Can add group", "content_type": 3, "codename": "add_group"}}, {"model": "auth.permission", "pk": 10, "fields": {"name": "Can change group", "content_type": 3, "codename": "change_group"}}, {"model": "auth.permission", "pk": 11, "fields": {"name": "Can delete group", "content_type": 3, "codename": "delete_group"}}, {"model": "auth.permission", "pk": 12, "fields": {"name": "Can view group", "content_type": 3, "codename": "view_group"}}, {"model": "auth.permission", "pk": 13, "fields": {"name": "Can add user", "content_type": 4, "codename": "add_user"}}, {"model": "auth.permission", "pk": 14, "fields": {"name": "Can change user", "content_type": 4, "codename": "change_user"}}, {"model": "auth.permission", "pk": 15, "fields": {"name": "Can delete user", "content_type": 4, "codename": "delete_user"}}, {"model": "auth.permission", "pk": 16, "fields": {"name": "Can view user", "content_type": 4, "codename": "view_user"}}, {"model": "auth.permission", "pk": 17, "fields": {"name": "Can add content type", "content_type": 5, "codename": "add_contenttype"}}, {"model": "auth.permission", "pk": 18, "fields": {"name": "Can change content type", "content_type": 5, "codename": "change_contenttype"}}, {"model": "auth.permission", "pk": 19, "fields": {"name": "Can delete content type", "content_type": 5, "codename": "delete_contenttype"}}, {"model": "auth.permission", "pk": 20, "fields": {"name": "Can view content type", "content_type": 5, "codename": "view_contenttype"}}, {"model": "auth.permission", "pk": 21, "fields": {"name": "Can add session", "content_type": 6, "codename": "add_session"}}, {"model": "auth.permission", "pk": 22, "fields": {"name": "Can change session", "content_type": 6, "codename": "change_session"}}, {"model": "auth.permission", "pk": 23, "fields": {"name": "Can delete session", "content_type": 6, "codename": "delete_session"}}, {"model": "auth.permission", "pk": 24, "fields": {"name": "Can view session", "content_type": 6, "codename": "view_session"}}, {"model": "auth.permission", "pk": 25, "fields": {"name": "Can add post", "content_type": 7, "codename": "add_post"}}, {"model": "auth.permission", "pk": 26, "fields": {"name": "Can change post", "content_type": 7, "codename": "change_post"}}, {"model": "auth.permission", "pk": 27, "fields": {"name": "Can delete post", "content_type": 7, "codename": "delete_post"}}, {"model": "auth.permission", "pk": 28, "fields": {"name": "Can view post", "content_type": 7, "codename": "view_post"}}, {"model": "auth.permission", "pk": 29, "fields": {"name": "Can add name", "content_type": 8, "codename": "add_name"}}, {"model": "auth.permission", "pk": 30, "fields": {"name": "Can change name", "content_type": 8, "codename": "change_name"}}, {"model": "auth.permission", "pk": 31, "fields": {"name": "Can delete name", "content_type": 8, "codename": "delete_name"}}, {"model": "auth.permission", "pk": 32, "fields": {"name": "Can view name", "content_type": 8, "codename": "view_name"}}, {"model": "auth.permission", "pk": 33, "fields": {"name": "Can add main category", "content_type": 9, "codename": "add_maincategory"}}, {"model": "auth.permission", "pk": 34, "fields": {"name": "Can change main category", "content_type": 9, "codename": "change_maincategory"}}, {"model": "auth.permission", "pk": 35, "fields": {"name": "Can delete main category", "content_type": 9, "codename": "delete_maincategory"}}, {"model": "auth.permission", "pk": 36, "fields": {"name": "Can view main category", "content_type": 9, "codename": "view_maincategory"}}, {"model": "auth.permission", "pk": 37, "fields": {"name": "Can add sub category", "content_type": 10, "codename": "add_subcategory"}}, {"model": "auth.permission", "pk": 38, "fields": {"name": "Can change sub category", "content_type": 10, "codename": "change_subcategory"}}, {"model": "auth.permission", "pk": 39, "fields": {"name": "Can delete sub category", "content_type": 10, "codename": "delete_subcategory"}}, {"model": "auth.permission", "pk": 40, "fields": {"name": "Can view sub category", "content_type": 10, "codename": "view_subcategory"}}, {"model": "auth.user", "pk": 1, "fields": {"password": "pbkdf2_sha256$390000$rDO9SAd8fWqukBo05CBOqn$ZxGMOEc5ZFOjibiGqMKGJdoZqFm6ug+iM25C3UvVYOI=", "last_login": "2022-10-07T13:48:13.146Z", "is_superuser": true, "username": "admin", "first_name": "", "last_name": "", "email": "", "is_staff": true, "is_active": true, "date_joined": "2022-10-07T13:47:20.421Z", "groups": [], "user_permissions": []}}, {"model": "auth.user", "pk": 2, "fields": {"password": "pbkdf2_sha256$390000$0kZZH3t8FEXEOWG4rvIqn5$x9iel1fL4ORLCN5v+2onTysat84O5Sz1t3GMhpBsSvk=", "last_login": "2022-11-03T13:59:28.595Z", "is_superuser": true, "username": "hgb", "first_name": "", "last_name": "", "email": "", "is_staff": true, "is_active": true, "date_joined": "2022-11-03T07:33:39.499Z", "groups": [], "user_permissions": []}}, {"model": "contenttypes.contenttype", "pk": 1, "fields": {"app_label": "admin", "model": "logentry"}}, {"model": "contenttypes.contenttype", "pk": 2, "fields": {"app_label": "auth", "model": "permission"}}, {"model": "contenttypes.contenttype", "pk": 3, "fields": {"app_label": "auth", "model": "group"}}, {"model": "contenttypes.contenttype", "pk": 4, "fields": {"app_label": "auth", "model": "user"}}, {"model": "contenttypes.contenttype", "pk": 5, "fields": {"app_label": "contenttypes", "model": "contenttype"}}, {"model": "contenttypes.contenttype", "pk": 6, "fields": {"app_label": "sessions", "model": "session"}}, {"model": "contenttypes.contenttype", "pk": 7, "fields": {"app_label": "api", "model": "post"}}, {"model": "contenttypes.contenttype", "pk": 8, "fields": {"app_label": "names", "model": "name"}}, {"model": "contenttypes.contenttype", "pk": 9, "fields": {"app_label": "categories", "model": "maincategory"}}, {"model": "contenttypes.contenttype", "pk": 10, "fields": {"app_label": "categories", "model": "subcategory"}}, {"model": "sessions.session", "pk": "l1rwln2lyzwxmqnwqvu7j1085y3jizma", "fields": {"session_data": ".eJxVjEsOwjAMBe-SNYoaO9QJS_acoXJtQwoolfpZIe4OlbqA7ZuZ93Idr0vp1tmmblB3cuAOv1vP8rC6Ab1zvY1exrpMQ-83xe909pdR7Xne3b-DwnP51kfFVgwlBSEjac0CZbw2ygCkSRBTjMxEWSCQglImbYxA-pQioHt_AOwnN7Y:1oqaki:yS5of1GuDAu2UxqodGH7T8mnP8mj_ZcsNTLqCdatdLs", "expire_date": "2022-11-17T13:59:28.596Z"}}, {"model": "sessions.session", "pk": "vi6pkaob2odf1osyxg2pqp8uwuyri9yn", "fields": {"session_data": ".eJxVjEEOwiAQRe_C2hCmhRZcuu8ZCMMMUjWQlHZlvLsh6UK3_73338KHY8_-aLz5lcRVgLj8bhjik0sH9AjlXmWsZd9WlF2RJ21yqcSv2-n-HeTQcq8nTQnBaQYMhsfEjDM4pZQFjdGkGQcYrZ6UdYqYHbByQac0GCBLTny-8j44BQ:1ogni1:5tCN2AYhF9ra5QF0SlBlDWfQpyIq3wlbmZ2A_EBbV24", "expire_date": "2022-10-21T13:48:13.147Z"}}, {"model": "sessions.session", "pk": "zwx5o8ugpgufsx5auykeqgbervs63pbx", "fields": {"session_data": ".eJxVjEsOwjAMBe-SNYoaO9QJS_acoXJtQwoolfpZIe4OlbqA7ZuZ93Idr0vp1tmmblB3cuAOv1vP8rC6Ab1zvY1exrpMQ-83xe909pdR7Xne3b-DwnP51kfFVgwlBSEjac0CZbw2ygCkSRBTjMxEWSCQglImbYxA-pQioHt_AOwnN7Y:1oqUjS:lvsy25pIm9L17LWOfun_8ydE97qcyuSb7OsePiOFpAQ", "expire_date": "2022-11-17T07:33:46.982Z"}}, {"model": "names.name", "pk": 1, "fields": {"gender": "man", "name": "Brody, Broderick, Sonny, Conor, Nasir", "meaning": "Brother 형제애를 가진 사람, 아들같은 사람, Much wanted 많이 이들에게 필요로 하는 사람, 남을 도와주는 사람", "category": 6}}, {"model": "names.name", "pk": 2, "fields": {"gender": "woman", "name": "Maia, Maya, Zaria, Maia, Maya", "meaning": "Mother 어머니, 엄마처럼 포근한 사람, 선물같은 사람, 엄마같은 포근함", "category": 6}}, {"model": "names.name", "pk": 3, "fields": {"gender": "man", "name": "Darrell, Davian, David, Ahmed, Zane", "meaning": "Darling 사랑하는 사람, 예쁨 받는 사람", "category": 7}}, {"model": "names.name", "pk": 4, "fields": {"gender": "woman", "name": "Zane, Amy, Carissa, Amanda, Darlene, Carina, Dulce, Karina, Mandy, Nayeli", "meaning": "Beloved 늘 사랑 받는 사람, 사랑스러운 사람", "category": 7}}, {"model": "names.name", "pk": 5, "fields": {"gender": "man", "name": "Khalil, Darwin, Kadin, Marvin", "meaning": "Friend 사랑하는 친구", "category": 8}}, {"model": "names.name", "pk": 6, "fields": {"gender": "woman", "name": "Aimee, Cara, Ruth", "meaning": "Beloved Friend 늘 사랑 받는 친구", "category": 8}}, {"model": "names.name", "pk": 7, "fields": {"gender": "man", "name": "Brad, Bradley, Francisco, Harley, George", "meaning": "A Broad Lea, Meadow넓은 벌판, 넓고 푸른 잔디밭", "category": 1}}, {"model": "names.name", "pk": 8, "fields": {"gender": "woman", "name": "Ainsley, Brynn, Harley, Ingrid, Lea", "meaning": "A Meadow 초원", "category": 1}}, {"model": "names.name", "pk": 9, "fields": {"gender": "man", "name": "Fabian, Haden, Hayden", "meaning": "콩을 기르는 사람, 장미빛", "category": 2}}, {"model": "names.name", "pk": 10, "fields": {"gender": "woman", "name": "Aiyana, Daisy, Evelyn, Gina, Hana, Holly, Heather, Hayden, Ivy, Jazmine", "meaning": "꽃, 포도나무", "category": 2}}, {"model": "names.name", "pk": 11, "fields": {"gender": "man", "name": "Ashton, Bruce, Forrest, Jay, Keaton", "meaning": "숲, 새", "category": 3}}, {"model": "names.name", "pk": 12, "fields": {"gender": "woman", "name": "Alondra, Ashley, Ava, Ayla, Dalia", "meaning": "나무, 종달새, 나뭇가지", "category": 3}}, {"model": "names.name", "pk": 13, "fields": {"gender": "man", "name": "Blaine, Braeden, Brooks, Camden, Dalton, Dallin, Dale, Douglas, Glen, Kai, Kelvin, Morgan", "meaning": "골짜기, 바다", "category": 4}}, {"model": "names.name", "pk": 14, "fields": {"gender": "woman", "name": "Brooke, Brooklyn, Chanel, Chelsey, Gracelyn, Jennifer, Kelsey, Kendall, Maria, Morgan", "meaning": "계곡, 운하, 바다", "category": 4}}, {"model": "names.name", "pk": 15, "fields": {"gender": "man", "name": "Clinton, Clifton, Kian, Milton, Shannon", "meaning": "언덕 위의 도시", "category": 5}}, {"model": "names.name", "pk": 16, "fields": {"gender": "woman", "name": "Luna, Celina, Celine, Cynthia, Delilah, Selena, Shannon, Stella", "meaning": "달, 밤", "category": 5}}, {"model": "names.name", "pk": 17, "fields": {"gender": "man", "name": "August,Austen,Augustus", "meaning": "모든 일에 빼어난 사람", "category": 9}}, {"model": "names.name", "pk": 18, "fields": {"gender": "woman", "name": "Clarissa,Emma,Robin", "meaning": "다재다능한 사람, 재주가 뛰어난 사람", "category": 9}}, {"model": "names.name", "pk": 19, "fields": {"gender": "man", "name": "Todd", "meaning": "영리한 사람", "category": 10}}, {"model": "names.name", "pk": 20, "fields": {"gender": "woman", "name": "Cassidy", "meaning": "영리한 사람", "category": 10}}, {"model": "names.name", "pk": 21, "fields": {"gender": "man", "name": "Conner,Dallas,Elvis", "meaning": "현명한 사람", "category": 11}}, {"model": "names.name", "pk": 22, "fields": {"gender": "woman", "name": "Jada, Sophia, Kayla", "meaning": "현명한 사람", "category": 11}}, {"model": "names.name", "pk": 23, "fields": {"gender": "man", "name": "Skylar", "meaning": "배운 것이 많아 똑똑한 사람", "category": 12}}, {"model": "names.name", "pk": 24, "fields": {"gender": "woman", "name": "Skylar", "meaning": "배운 것이 많아 똑똑한 사람", "category": 12}}, {"model": "categories.maincategory", "pk": 1, "fields": {"kind": "자연"}}, {"model": "categories.maincategory", "pk": 2, "fields": {"kind": "지혜/영리"}}, {"model": "categories.maincategory", "pk": 3, "fields": {"kind": "사랑/친구"}}, {"model": "categories.subcategory", "pk": 1, "fields": {"main": 1, "kind": "푸릇푸릇한 넓은 초원"}}, {"model": "categories.subcategory", "pk": 2, "fields": {"main": 1, "kind": "꽃이 만발한 곳"}}, {"model": "categories.subcategory", "pk": 3, "fields": {"main": 1, "kind": "나무와 새들이 많은 숲"}}, {"model": "categories.subcategory", "pk": 4, "fields": {"main": 1, "kind": "바다나 물이 있는 곳"}}, {"model": "categories.subcategory", "pk": 5, "fields": {"main": 1, "kind": "달이 비추는 도시 야경"}}, {"model": "categories.subcategory", "pk": 6, "fields": {"main": 3, "kind": "자녀와 함께 나온 가족"}}, {"model": "categories.subcategory", "pk": 7, "fields": {"main": 3, "kind": "연인"}}, {"model": "categories.subcategory", "pk": 8, "fields": {"main": 3, "kind": "친구들"}}, {"model": "categories.subcategory", "pk": 9, "fields": {"main": 2, "kind": "다재다능"}}, {"model": "categories.subcategory", "pk": 10, "fields": {"main": 2, "kind": "영리"}}, {"model": "categories.subcategory", "pk": 11, "fields": {"main": 2, "kind": "현명"}}, {"model": "categories.subcategory", "pk": 12, "fields": {"main": 2, "kind": "지식"}}]